<?xml version="1.0" encoding="utf-8"?>
<odoo>
	<record id="group_library_admin" model="res.groups">
		<field name="name">library/admin</field>
	</record>

	<record id="only_active_modify" model="ir.rule">
		<field name="name">only active course can be modified</field>
		<field name="perm_read" eval="0"/>
		<field name="perm_write" eval="1"/>
		<field name="perm_create" eval="0"/>
		<field name="perm_unlink" eval="1"/>
		<field name="domain_force">[('active','=',True)]</field>
		<field name="model_id" ref="library_management.model_library_management"/>
	</record>
</odoo>













