<?xml version="1.0" encoding="utf-8"?>
<odoo>
	<data noupdate="5">
		<record model="library.management" id="book_101">
			<field name="name">kush pandya</field>
			<field name="description">odoo technology</field>
			<field name="category">technology</field>
			<field name="summary">it's a technology book</field>
		</record>
		<record model="library.management" id="book_102">
			<field name="name">jack smith</field>
			<field name="description">python technology</field>
			<field name="category">technology</field>
			<field name="summary">overview of python</field>
		</record>
		<record model="library.management" id="book_103">
			<field name="name">chetan bhagat</field>
			<field name="description">2 states</field>
			<field name="category">management</field>
			<field name="summary">it's a management book</field>
		</record>
	</data>
</odoo>


