<odoo>
    <record id= 'group_academy_admin' model='res.groups'>
        <field name='name'>Admin</field>
    </record>

    <record id="only_active_modify" model="ir.rule">
        <field name="name">Only Active Course Can Be Modified</field>
        <field name="perm_read" eval="1"/>
        <field name="perm_write" eval="1"/>
        <field name="perm_create" eval="1"/>
        <field name="perm_unlink" eval="1"/>
        <field name="domain_force">[('active','=',True)]</field>
        <field name="model_id" ref="model_course_academy"/>
    </record>
</odoo>
